,Superior,Liceal,Gimnazial,Primar,FaraScoala,PersoaneAnalfabete
0,1.3651961717755443,0.7137488375210693,0.3517486349209724,0.36461460781112703,0.31010160223099814,0.3749303977392285
