Regiune,PlantePermanente,PlanteNepermanente,PlanteInmultire,CrestereaAnimalelor,FermeMixte
Bucuresti-Ilfov,2191636678.548208,14353720.096986452,18680423.072299045,214481987.5582316,43660291.930876695
Centru,103410927.07298619,32885398.585115515,5960844.587347266,316244921.81238574,59096165.917623624
Nord-Est,382036707.0424515,9385259.617153464,671920.7231135358,190101080.37192163,143812548.89203092
Nord-Vest,237793066.51546782,7835742.691628109,1272302.5934259465,205299582.14962304,26272296.524933882
Sud,784603488.0367719,8194199.10290032,1508558.4422030821,356664086.04865324,74947031.63576747
Sud-Est,988767048.7302393,63868013.6145844,275744.61282926635,271244670.52360266,83152707.19811743
Sud-Vest,423090897.5442122,13458775.554614346,133714.4878654914,162034354.4516531,19231228.0692879
Vest,591669833.8352522,13939903.78324292,514130.87651255226,421761102.7787089,49547503.44641159
